{
  "hash": "6a14a3f4",
  "configHash": "46d54ef5",
  "lockfileHash": "bfb6fc22",
  "browserHash": "b11460be",
  "optimized": {
    "@angular/core": {
      "src": "../../../../../node_modules/@angular/core/fesm2022/core.mjs",
      "file": "@angular_core.js",
      "fileHash": "2265e51b",
      "needsInterop": false
    },
    "@angular/platform-browser": {
      "src": "../../../../../node_modules/@angular/platform-browser/fesm2022/platform-browser.mjs",
      "file": "@angular_platform-browser.js",
      "fileHash": "93541e45",
      "needsInterop": false
    },
    "@angular/router": {
      "src": "../../../../../node_modules/@angular/router/fesm2022/router.mjs",
      "file": "@angular_router.js",
      "fileHash": "97b6c14e",
      "needsInterop": false
    }
  },
  "chunks": {
    "chunk-6RID3OEN": {
      "file": "chunk-6RID3OEN.js"
    },
    "chunk-YVWIMTHM": {
      "file": "chunk-YVWIMTHM.js"
    }
  }
}