{
  "hash": "d0bc43df",
  "configHash": "46d54ef5",
  "lockfileHash": "2fdea641",
  "browserHash": "9c276091",
  "optimized": {
    "@angular/core": {
      "src": "../../../../../node_modules/@angular/core/fesm2022/core.mjs",
      "file": "@angular_core.js",
      "fileHash": "65ac39ed",
      "needsInterop": false
    },
    "@angular/platform-browser": {
      "src": "../../../../../node_modules/@angular/platform-browser/fesm2022/platform-browser.mjs",
      "file": "@angular_platform-browser.js",
      "fileHash": "f224a9fa",
      "needsInterop": false
    },
    "@angular/router": {
      "src": "../../../../../node_modules/@angular/router/fesm2022/router.mjs",
      "file": "@angular_router.js",
      "fileHash": "698e5bc3",
      "needsInterop": false
    }
  },
  "chunks": {
    "chunk-6RID3OEN": {
      "file": "chunk-6RID3OEN.js"
    },
    "chunk-YVWIMTHM": {
      "file": "chunk-YVWIMTHM.js"
    }
  }
}